№ пп;Субъект РФ;Муниципальное образование;Поселение;Населенный пункт;Уникальный идентификатор ФИАС;Кол-во СКД ед.
1;Амурская область;Архаринский Район;;Касаткино Село;3ad79d0d-2a67-431e-baec-6651cd72115c;1
2;Амурская область;Архаринский Район;;Кундур Село;9d013463-884c-49ac-a667-50e5b3a37f87;1
3;Амурская область;Архаринский Район;;Могилевка Село;4f3c1508-2cbb-427b-be3e-02b0b19d0552;1
4;Амурская область;Архаринский Район;;Черноберезовка Село;316b4dd8-2465-4266-a8c9-e1e38ed7e6f9;1
5;Амурская область;Архаринский Район;Антоновский сельсовет;Антоновка Село;75ce0230-1799-4d47-814d-64f55fb0db70;1
6;Амурская область;Архаринский Район;Антоновский сельсовет;Красная Горка Село;3f8fe9d7-3d77-4e3d-b55f-d92f6cc7c674;1
7;Амурская область;Архаринский Район;Аркадьевский сельсовет;Аркадьевка Село;69ea89c6-f818-4e87-a5db-9ca9491f603b;1
8;Амурская область;Архаринский Район;Вольненский сельсовет;Вольное Село;b1bcc385-3c63-4e7a-a431-c3b43c5978a4;1
9;Амурская область;Архаринский Район;Вольненский сельсовет;Орловка Село;bc9001ba-9d67-4304-ada9-9221a8248611;1
10;Амурская область;Архаринский Район;Грибовский сельсовет;Грибовка Село;60413444-4472-4201-b26a-9d74564c56b0;1
11;Амурская область;Архаринский Район;Иннокентьевский сельсовет;Иннокентьевка Село;2103ae07-e384-4f28-8b0b-45da914997ac;1
12;Амурская область;Архаринский Район;Иннокентьевский сельсовет;Красный Луч Село;a6d8a7da-ac41-4ec9-b3ae-7bfc5fbd9a6d;1
13;Амурская область;Архаринский Район;Касаткинский сельсовет;Журавлевка Село;523d5147-d630-4b34-92e0-82ee86cc9315;1
14;Амурская область;Архаринский Район;Касаткинский сельсовет;Новопокровка Село;04aea6a9-e539-45ce-8382-882760351f05;1
15;Амурская область;Архаринский Район;Касаткинский сельсовет;Сагибово Село;d1b002d5-2b21-4abd-8b48-195f16fdf479;1
16;Амурская область;Архаринский Район;Кундурский сельсовет;Казачий Село;2f940220-2263-4117-b589-b90d05c8a984;1
17;Амурская область;Архаринский Район;Кундурский сельсовет;Тарманчукан Разъезд;1e537b00-4f79-4af6-9330-b759aef2f8b3;1
18;Амурская область;Архаринский Район;Ленинский сельсовет;Красный Исток Село;f8c283c5-7422-427d-82c9-57cbe46c902d;1
19;Амурская область;Архаринский Район;Ленинский сельсовет;Ленинское Село;a43466e0-5d44-4b82-99bd-334d2a7f77dd;1
20;Амурская область;Архаринский Район;Ленинский сельсовет;Михайловка Село;be26b549-8a4f-44d9-9358-77504844f989;1
21;Амурская область;Архаринский Район;Новосергеевский сельсовет;Богучан Станция;5c2d0528-7413-45c0-a2de-395fab266b54;1
22;Амурская область;Архаринский Район;Новосергеевский сельсовет;Новосергеевка Село;35a0e20a-73e0-40ea-862d-42bf290f2344;1
23;Амурская область;Архаринский Район;Новоспасский сельсовет;Домикан Село;7c473693-5282-4bab-b4ec-978603688314;1
24;Амурская область;Архаринский Район;Новоспасский сельсовет;Казановка Село;72ae40a4-8233-4bc3-b237-41207a5ce45a;1
25;Амурская область;Архаринский Район;Новоспасский сельсовет;Новоспасск Село;2b2e58f1-0461-4b88-8b60-32e3dcd513f6;1
26;Амурская область;Архаринский Район;Новоспасский сельсовет;Свободное Село;65030ad9-aeb9-4e96-920b-b6a01583fe8e;1
27;Амурская область;Архаринский Район;Отважненский сельсовет;Заречное Село;d8ffa250-4c42-4889-ad15-295cd6120c23;1
28;Амурская область;Архаринский Район;Отважненский сельсовет;Каменный Карьер Село;e5fe59d2-6c95-46c9-a071-57f42008cddd;1
29;Амурская область;Архаринский Район;Отважненский сельсовет;Отважное Село;5010f494-0d8e-44ee-8cbc-ed4c92d4f7f0;1
30;Амурская область;Архаринский Район;Отважненский сельсовет;Татакан Железнодорожная станция;5731abcf-870c-4e89-9332-cfa6226a71be;1
31;Амурская область;Архаринский Район;рабочий поселок (поселок городского типа) Архара;Архара Поселок городского типа;352424f4-1739-48fd-8a2c-e463bc4aed08;2
32;Амурская область;Архаринский Район;рабочий поселок (поселок городского типа) Архара;Бон Село;532c0fce-b3be-4f83-bfc8-66019b63f43d;1
33;Амурская область;Архаринский Район;рабочий поселок (поселок городского типа) Архара;Журавли Станция;914d895f-2d52-49e1-ad7e-458afc4c2b3e;1
34;Амурская область;Архаринский Район;Северный сельсовет;Северное Село;16637a69-324d-4a8e-8277-db644fe65a1a;1
35;Амурская область;Архаринский Район;Северный сельсовет;Скобельцино Село;375040a1-094d-4a2c-8b6c-942ad74eb015;1
36;Амурская область;Архаринский Район;Северный сельсовет;Украинка Село;42019e47-a121-4ee7-8541-5466e66e7a30;1
37;Амурская область;Архаринский Район;Урильский сельсовет;Рачи Станция;6bfb83e8-7194-4373-bfc4-79571698fa4b;1
38;Амурская область;Архаринский Район;Урильский сельсовет;Урил Село;f4934f0a-e4f4-422d-8d35-8976f90aefa6;1
39;Амурская область;Архаринский Район;Черниговский сельсовет;Гуликовка Село;d4d9a392-7f24-4a27-a67f-85e8676c0ebf;1
40;Амурская область;Архаринский Район;Черниговский сельсовет;Домикан Железнодорожная станция;1365b6eb-c1b2-4bf6-b6aa-e4c5672715d5;1
41;Амурская область;Архаринский Район;Черниговский сельсовет;Каменка Село;36a50ab9-f318-4cf4-977e-1462c8e34fb7;1
42;Амурская область;Архаринский Район;Черниговский сельсовет;Кулусутай Железнодорожная станция;dfb7cd62-de43-42ca-9d0f-6332dd0c4cc3;1
43;Амурская область;Архаринский Район;Черниговский сельсовет;Левый берег Село;0323150c-aaf5-412b-b858-8dee5e01bc2a;1
44;Амурская область;Архаринский Район;Черниговский сельсовет;Новодомикан Село;8d034035-9a76-46c3-90b7-71c765fd1e43;1
45;Амурская область;Архаринский Район;Черниговский сельсовет;Петропавловка Село;02874c27-db2a-406b-a0c2-d641fcddc19e;1
46;Амурская область;Архаринский Район;Черниговский сельсовет;Черниговка Село;15b55fb1-a9c4-42e1-bcd1-d98dd2586a51;1
47;Амурская область;Архаринский Район;Ядринский сельсовет;Есауловка Железнодорожная станция;8be1b088-1874-43b5-a7e5-d7d9b078af3f;1
48;Амурская область;Архаринский Район;Ядринский сельсовет;Ядрино Село;24018d3d-c1a5-4fee-9a97-c958044dfcf2;1
49;Амурская область;Белогорск Город;город Белогорск;город Белогорск;c528e99b-7e81-4290-9cda-8713884472a5;3
50;Амурская область;Белогорск Город;город Белогорск;Низинное Село;4033b155-1d5e-4ee3-9d56-4588b431f611;1
51;Амурская область;Белогорский Район;Амурский сельсовет;Амурское Село;872073cc-9ae8-4d6a-b549-9f61cee51da1;1
52;Амурская область;Белогорский Район;Амурский сельсовет;Дубровка Село;efd64645-e163-4943-bdaf-02c18ecac9bd;1
53;Амурская область;Белогорский Район;Васильевский сельсовет;Васильевка Село;0d04a9f6-e65a-49c0-82c4-5b0338b0760f;1
54;Амурская область;Белогорский Район;Васильевский сельсовет;Круглое Село;a2dec369-8f4a-4742-b30a-6ebf6ec4cbd5;1
55;Амурская область;Белогорский Район;Васильевский сельсовет;Междугранка Село;ffe45e08-49bb-449d-b9e9-403650260ea8;1
56;Амурская область;Белогорский Район;Васильевский сельсовет;Павловка Село;f5bf56ec-a111-41d4-9ffb-2e11a44a6ca7;1
57;Амурская область;Белогорский Район;Великокнязевский сельсовет;Великокнязевка Село;64e2f98e-ecff-463a-9d54-339d32b851ba;1
58;Амурская область;Белогорский Район;Великокнязевский сельсовет;Комиссаровка Село;43220b26-a10d-4a48-bc02-d1bbf3e7d357;1
59;Амурская область;Белогорский Район;Великокнязевский сельсовет;Новоандреевка Село;d5e35d5c-1661-4055-9b6e-4c2bf4741096;1
60;Амурская область;Белогорский Район;Возжаевский сельсовет;Возжаевка Село;96440ec3-9bc2-415e-b38f-68ec7476be1b;1
61;Амурская область;Белогорский Район;Кустанаевский сельсовет;Камышовка Село;e070ff0c-13f0-4b00-a743-33ccd887fd02;1
62;Амурская область;Белогорский Район;Кустанаевский сельсовет;Кустанаевка Село;1f415de1-5036-4a9c-b10a-ff67807aa432;1
63;Амурская область;Белогорский Район;Кустанаевский сельсовет;Лукьяновка Село;120bd7f5-045f-4489-91b1-a21277acea1e;1
64;Амурская область;Белогорский Район;Лохвицкий сельсовет;Лохвицы Село;6462b036-a9c1-4ee4-afc1-4777c2338aa7;2
65;Амурская область;Белогорский Район;Некрасовский сельсовет;Захарьевка Село;fb78a7ee-c888-47a0-a65b-a4b453ed16d1;1
66;Амурская область;Белогорский Район;Некрасовский сельсовет;Некрасовка Село;7ecd3dc3-8e52-4afd-9644-79e386db0fe2;1
67;Амурская область;Белогорский Район;Некрасовский сельсовет;Новоназаровка Село;ed7d558e-285f-4725-a4da-e9285787e68b;1
68;Амурская область;Белогорский Район;Некрасовский сельсовет;Новоселитьба Село;dd2fc9b4-ee13-408d-b83e-9a7b96a3461b;1
69;Амурская область;Белогорский Район;Никольский сельсовет;Киселеозерка Село;7a8e5326-50f8-4a8c-8173-52e746b6c012;1
70;Амурская область;Белогорский Район;Никольский сельсовет;Ключи Село;a492ef1b-8abc-4e54-8524-13b01bd1a346;1
71;Амурская область;Белогорский Район;Никольский сельсовет;Никольское Село;a17f972f-da06-4081-bb42-ebf7f593918d;2
72;Амурская область;Белогорский Район;Новинский сельсовет;Луговое Село;e4c4353a-db6a-4652-96ec-4e7f3fe5df29;1
73;Амурская область;Белогорский Район;Новинский сельсовет;Мостовое Село;785da355-69a6-4ad0-a180-4f9359521077;1
74;Амурская область;Белогорский Район;Новинский сельсовет;Новое Село;768b13f4-67b8-4255-879f-e60222dee9f8;1
75;Амурская область;Белогорский Район;Озерянский сельсовет;Заречное Село;833b517e-8a08-4c79-af1b-fffe904273c8;1
76;Амурская область;Белогорский Район;Озерянский сельсовет;Озеряне Село;3f8b078b-fb60-470b-a8da-bdd2bb27e148;1
77;Амурская область;Белогорский Район;Озерянский сельсовет;Чернетчено Село;0d68d6ba-4a5e-42ae-84c1-8923714572e8;1
78;Амурская область;Белогорский Район;Пригородный сельсовет;Пригородное Село;cd57807a-5668-4aa4-b573-7ca22ae204be;2
79;Амурская область;Белогорский Район;Светиловский сельсовет;Светиловка Село;0206120c-751b-4c64-b464-f76844ac2bfb;1
80;Амурская область;Белогорский Район;Томичевский сельсовет;Поляное Село;c3443c0e-6909-4c95-b594-068c681629a7;1
81;Амурская область;Белогорский Район;Томичевский сельсовет;Томичи Село;53cfa21a-331b-47f2-b43a-bec456c61d31;2
82;Амурская область;Белогорский Район;Успеновский сельсовет;Успеновка Село;279598c3-143a-4c05-b8b2-486d26119858;1
83;Амурская область;Благовещенск Город;город Благовещенск;Белогорье Село;c555d2d0-aa11-4f0f-8b09-6462f2f844fb;1
84;Амурская область;Благовещенск Город;город Благовещенск;Белогорье Станция;7ea191b5-ade5-44ff-937b-35aaff677fe5;1
85;Амурская область;Благовещенск Город;город Благовещенск;город Благовещенск;8f41253d-6e3b-48a9-842a-25ba894bd093;13
86;Амурская область;Благовещенск Город;город Благовещенск;Новый Поселок;a58258b2-5f85-4c1e-a55a-ab6af4031498;1
87;Амурская область;Благовещенск Город;город Благовещенск;Садовое Село;c07cad49-0194-48e2-9423-c13c76d00a52;1
88;Амурская область;Благовещенск Город;;жд.ст.Призейская;;1
89;Амурская область;Благовещенский Район;;Новотроицкое Село;252bfbd8-0fde-4c0c-a24f-c841a8b4f372;1
90;Амурская область;Благовещенский Район;Волковский сельсовет;Волково Село;0d547344-dfa2-4f29-b247-bcc66dde722c;2
91;Амурская область;Благовещенский Район;Волковский сельсовет;Ровное Село;efba1286-a414-4727-890c-fa63890d7a9f;1
92;Амурская область;Благовещенский Район;Грибский сельсовет;Грибское Село;2bb07e7f-2d4d-498f-b237-a19467156cb1;1
93;Амурская область;Благовещенский Район;Грибский сельсовет;Дроново Село;5bddbd9a-54d6-41e2-8282-d3d4670282bb;1
94;Амурская область;Благовещенский Район;Грибский сельсовет;Удобное Село;dc905fd6-8361-488c-93e3-9cd57b096475;1
95;Амурская область;Благовещенский Район;Гродековский сельсовет;Гродеково Село;73571c0b-e56e-4631-becd-0b44cea71980;1
96;Амурская область;Благовещенский Район;Гродековский сельсовет;Заречный Поселок;526a3544-e88c-413a-84f2-9fe61b7f4210;1
97;Амурская область;Благовещенский Район;Гродековский сельсовет;Каникурган Село;02397269-9726-422f-af2f-8131b9570a4a;1
98;Амурская область;Благовещенский Район;Марковский сельсовет;Марково Село;d5ed3d3d-292e-40b5-9d68-0d7b4eb03cf0;1
99;Амурская область;Благовещенский Район;Михайловский сельсовет;Грязнушка Село;5137f5a7-566d-49b0-a6b2-fad14b6979dc;1
100;Амурская область;Благовещенский Район;Михайловский сельсовет;Михайловка Село;17cb2866-0c2d-4798-b402-e7456d0e424b;1
101;Амурская область;Благовещенский Район;Натальинский сельсовет;Натальино Село;b7ab8ba1-7db3-4b4d-b1e7-10d44da49faf;1
102;Амурская область;Благовещенский Район;Новопетровский сельсовет;Егорьевка Село;2e1665ae-a415-4220-badd-757556db94fc;1
103;Амурская область;Благовещенский Район;Новопетровский сельсовет;Новинка Село;85c2b26b-72e6-4696-bfc4-39442b16ba6a;1
104;Амурская область;Благовещенский Район;Новопетровский сельсовет;Новопетровка Село;99f6a35e-ec92-491b-beb6-2696b9fb87ba;1
105;Амурская область;Благовещенский Район;Новопетровский сельсовет;Прядчино Село;c4038c87-1a79-4b83-87b2-afe14fb8fb6e;1
106;Амурская область;Благовещенский Район;Новотроицкий сельсовет;Контон-Коммуна Село;4e26b7cd-bd9e-45ab-9d18-207c7f159898;1
107;Амурская область;Благовещенский Район;Сергеевский сельсовет;Сергеевка Село;7e2061ec-4d78-45b8-96b1-6c8035269ad7;1
108;Амурская область;Благовещенский Район;Усть-Ивановский сельсовет;Владимировка Село;22affeb4-b5e0-46c5-b425-289d2327c9cb;1
109;Амурская область;Благовещенский Район;Усть-Ивановский сельсовет;Усть-Ивановка Село;05036a3f-49fc-4adb-af55-dab519497e24;1
110;Амурская область;Благовещенский Район;Чигиринский сельсовет;Игнатьево Село;a3426bd9-5af0-48d7-9804-7baa8aa29471;1
111;Амурская область;Бурейский Район;Алексеевский сельсовет;Алексеевка Село;f62f81dc-c4c2-42a5-a36b-133b20883243;1
112;Амурская область;Бурейский Район;Алексеевский сельсовет;Асташиха Село;cb6cb467-df48-4fdf-b69c-a8cf30849048;1
113;Амурская область;Бурейский Район;Виноградовский сельсовет;Виноградовка Село;396b384d-70af-4f3b-a279-b47a1b483aa5;1
114;Амурская область;Бурейский Район;Долдыканский сельсовет;Долдыкан Село;d1df812e-b9c8-44b0-9953-8045474fe589;1
115;Амурская область;Бурейский Район;Малиновский сельсовет;Гомелевка Село;1ca63638-958a-417d-98d4-8737511f76c9;1
116;Амурская область;Бурейский Район;Малиновский сельсовет;Малиновка Село;93ca8483-ce70-4cf1-92dc-6900424d42a6;1
117;Амурская область;Бурейский Район;Малиновский сельсовет;Усть-Кивда Село;ee149e9b-b6ac-42a4-96a4-3c954e66b93e;1
118;Амурская область;Бурейский Район;рабочий поселок (поселок городского типа) Бурея;Бурея Поселок городского типа;074cc18a-2db4-49b4-9850-55988e4e9849;2
119;Амурская область;Бурейский Район;рабочий поселок (поселок городского типа) Бурея;Кивдо-Тюкан Село;fa0cfc83-daaa-4ca0-8db3-a7b3e3b8ca6a;1
120;Амурская область;Бурейский Район;рабочий поселок (поселок городского типа) Бурея;Муравка Село;8d307ed5-abdd-41b6-b8b1-0aebf4d7417f;1
121;Амурская область;Бурейский Район;рабочий поселок (поселок городского типа) Новобурейский;Николаевка Село;b76df1e9-334c-40f4-ad45-1f63fc325c87;1
122;Амурская область;Бурейский Район;рабочий поселок (поселок городского типа) Новобурейский;Новобурейский Поселок городского типа;24adc5f8-b795-4c22-92d2-9a749b07adf8;2
123;Амурская область;Бурейский Район;рабочий поселок (поселок городского типа) Талакан;Талакан Поселок городского типа;8eaab979-3b82-492e-ac87-3d879e615f44;1
124;Амурская область;Бурейский Район;Райчихинский сельсовет;Безозерное Село;4d62d191-9b3c-40cd-8339-316acad41f58;1
125;Амурская область;Бурейский Район;Райчихинский сельсовет;Безымянное Село;1924a9f8-309c-4963-bb12-fc86575293f3;1
126;Амурская область;Бурейский Район;Родионовский сельсовет;Родионовка Село;7f0b9b29-ed0c-4153-a2d0-89591f7b94ae;1
127;Амурская область;Бурейский Район;Родионовский сельсовет;Семеновка Село;4099fd39-a41c-48c4-b28f-84d2a53600e2;1
128;Амурская область;Бурейский Район;Родионовский сельсовет;Трехречье Село;cfedf9bb-1008-428a-ac83-ba5430b761ae;1
129;Амурская область;Бурейский Район;Старорайчихинский сельсовет;Старая Райчиха Село;940ea47d-7950-4be1-bcac-2eb7ee5a2ba3;1
130;Амурская область;Бурейский Район;Успеновский сельсовет;Правая Райчиха Село;00049647-2ab0-44b0-8ac0-4f0f1e753337;1
131;Амурская область;Бурейский Район;Успеновский сельсовет;Успеновка Село;15ea2f86-4c03-48a9-b57e-84f1a41c1dd6;1
132;Амурская область;Завитинский Район;;Антоновка Село;27c45a46-86b1-4f41-88a3-721f1239c2b3;1
133;Амурская область;Завитинский Район;;Верхнеильиновка Село;dd4faad5-32e6-4bd1-8128-5130cdca4351;1
134;Амурская область;Завитинский Район;Албазинский сельсовет;Албазинка Село;27ff1ae2-426b-415a-9697-ee46983346d3;1
135;Амурская область;Завитинский Район;Албазинский сельсовет;Платово Село;1f1e1c08-38b8-4806-9c10-b2f5246d89f8;1
136;Амурская область;Завитинский Район;Антоновский сельсовет;Ленино Село;c8f2467d-c1c0-441d-9d1a-c35c792a9232;1
137;Амурская область;Завитинский Район;Белояровский сельсовет;Белый Яр Село;efc6ccd1-7989-4093-b326-b3c69f9a7481;1
138;Амурская область;Завитинский Район;Болдыревский сельсовет;Аврамовка Село;baedba8d-9185-4197-b8c7-a0d4a61cdd30;1
139;Амурская область;Завитинский Район;Болдыревский сельсовет;Болдыревка Село;2719ae95-16e5-4c1a-9192-382446c87a59;1
140;Амурская область;Завитинский Район;город Завитинск;Завитинск Город;7b39476f-0edb-4bc3-bb31-6cedfb2aa695;1
141;Амурская область;Завитинский Район;город Завитинск;Завитинск Город;de6a0c85-2595-42c6-8abc-2ace8b5b934e;1
142;Амурская область;Завитинский Район;город Завитинск;Новоалексеевка Село;34de0e70-ec4a-4df9-8e45-ae0b6f210bb8;1
143;Амурская область;Завитинский Район;Иннокентьевский сельсовет;Демьяновка Село;3482b970-f14b-456e-8321-5b60aeb32879;1
144;Амурская область;Завитинский Район;Иннокентьевский сельсовет;Ивановка Село;4b4a4049-8996-4c1a-8fb8-65452066a7ab;1
145;Амурская область;Завитинский Район;Иннокентьевский сельсовет;Иннокентьевка Село;0e3dc7e2-5da7-4d49-915e-cc2bbf214349;1
146;Амурская область;Завитинский Район;Куприяновский сельсовет;Куприяновка Село;dbb1d734-d550-47bd-8952-8e2798a2e2ab;1
147;Амурская область;Завитинский Район;Куприяновский сельсовет;Подоловка Село;ff01a5c4-75ed-427c-bd3f-5438704f627e;1
148;Амурская область;Завитинский Район;Куприяновский сельсовет;Федоровка Село;3e9d1607-736c-43ca-b198-700f021efb65;1
149;Амурская область;Завитинский Район;Преображеновский сельсовет;Валуево Село;4b9dd1da-6540-48f3-b2bc-cebd428bbd06;1
150;Амурская область;Завитинский Район;Преображеновский сельсовет;Дея Село;bc7bb45f-29b5-4921-85b3-90f9faecdaec;1
151;Амурская область;Завитинский Район;Преображеновский сельсовет;Преображеновка Село;1609cefc-043a-49c3-9cc6-9a70a2bccfdc;1
152;Амурская область;Завитинский Район;Успеновский сельсовет;Камышенка Село;3eae69f0-a826-44b8-b218-d73913ff77f1;1
153;Амурская область;Завитинский Район;Успеновский сельсовет;Успеновка Село;bcaac75e-bf95-4bb7-a302-6813fca07b76;1
154;Амурская область;Зейский Район;;Октябрьский Село;20fe4697-bcce-41aa-b3f8-2964136b1f46;1
155;Амурская область;Зейский Район;Алгачинский сельсовет;Алгач Село;af2dafc0-bdd6-4621-a6e5-e47c767a7fdf;1
156;Амурская область;Зейский Район;Амуро-Балтийский сельсовет;Амуро-Балтийск Село;c2aa01a0-1e16-43b9-a98d-fa144e0979cf;1
157;Амурская область;Зейский Район;Береговой сельсовет;Береговой Поселок;aa8feee1-92c5-415c-a4fb-6f867f815423;1
158;Амурская область;Зейский Район;Береговой сельсовет;Кировский Село;7484e8ab-c903-49cd-b288-6073d7e6948e;1
159;Амурская область;Зейский Район;Бомнакский сельсовет;Бомнак Село;a17347d7-318f-4093-b6f1-bed56627f2da;1
160;Амурская область;Зейский Район;Золотогорский сельсовет;Золотая Гора Село;f86da35c-aaf4-44ff-ad00-d0b22f6b8770;1
161;Амурская область;Зейский Район;Ивановский сельсовет;Ивановка Село;3acde5dc-ffb8-4f84-aa5c-3f238c1bc2e4;1
162;Амурская область;Зейский Район;Николаевский сельсовет;Александровка Село;2e1211d0-7747-46a3-aa66-f28057f72961;1
163;Амурская область;Зейский Район;Николаевский сельсовет;Березовка Село;fe1fcefb-98e0-4096-8891-55a856054c06;1
164;Амурская область;Зейский Район;Николаевский сельсовет;Николаевка-1 Село;b879befd-f075-49c0-b9bd-c0ab287d8e24;1
165;Амурская область;Зейский Район;Николаевский сельсовет;Николаевка-2 Село;ec2e8678-f75f-4b9c-a159-113fdd333aad;1
166;Амурская область;Зейский Район;Овсянковский сельсовет;Овсянка Село;44329de8-cede-45ef-88a4-a2466f1a6892;1
167;Амурская область;Зейский Район;Поляковский сельсовет;Поляковский Поселок;04138021-7568-4563-a64b-a40ff918742c;1
168;Амурская область;Зейский Район;Сианский сельсовет;Сиан Село;b9edd122-1fd7-42b8-85e3-3a0a07d4e5ff;1
169;Амурская область;Зейский Район;Снежногорский сельсовет;Снежногорский Поселок;6478ec7b-904b-427e-8c57-25f85ce1a3cb;1
170;Амурская область;Зейский Район;Сосновоборский сельсовет;Гулик Село;be3fb653-b1dd-44ed-b0f0-7608698fad54;1
171;Амурская область;Зейский Район;Сосновоборский сельсовет;Заречная Слобода Село;dddc582b-addb-419a-8fce-302c39bbb84c;1
172;Амурская область;Зейский Район;Сосновоборский сельсовет;Сосновый Бор Село;1d33910b-9d2b-495a-8686-20533332e8c9;1
173;Амурская область;Зейский Район;Умлеканский сельсовет;Рублевка Село;6a54692c-92a2-4363-a238-0372aafbe23c;1
174;Амурская область;Зейский Район;Умлеканский сельсовет;Умлекан Село;d074eb41-7631-4fdc-b443-a30334d27941;1
175;Амурская область;Зейский Район;Хвойненский сельсовет;Хвойный Поселок;797ea8d4-9066-4220-8571-f9154d5a0b99;1
176;Амурская область;Зейский Район;Чалбачинский сельсовет;Чалбачи Село;a15b0d73-be1e-4caf-927d-f0fa4430205f;1
177;Амурская область;Зейский Район;Юбилейненский сельсовет;Юбилейный Поселок;62d9c470-faa8-4126-bc28-012e6e211a6c;1
178;Амурская область;Зея Город;город Зея;город Зея;581855f4-f0bc-44a5-a36e-a298279f9ec4;2
179;Амурская область;Ивановский Район;;Вознесеновка Село;b3862088-6fd9-4ab0-8a31-5e02b7cb9dce;1
180;Амурская область;Ивановский Район;;Ивановка Село;8c99b7f8-c7ca-42d6-aab3-a8a77132e889;1
181;Амурская область;Ивановский Район;;Успеновка Село;dcd38b7b-39ed-4950-9970-41c4861f80e0;1
182;Амурская область;Ивановский Район;Андреевский сельсовет;Андреевка Село;703fd2be-618b-45ba-afcf-b5408d8a6c33;1
183;Амурская область;Ивановский Район;Андреевский сельсовет;Богословка Село;41649dbd-1fa7-4d0f-9d04-a08b6254c5a6;1
184;Амурская область;Ивановский Район;Анновский сельсовет;Анновка Село;7f536cc6-ae63-4216-9ed7-e91adaddc355;1
185;Амурская область;Ивановский Район;Анновский сельсовет;Большеозерка Село;ca40a311-10b8-4c4e-b072-4016be245a21;1
186;Амурская область;Ивановский Район;Анновский сельсовет;Вишневка Село;170d0dd7-c406-4b56-a63a-16308ceaa4b2;1
187;Амурская область;Ивановский Район;Березовский сельсовет;Березовка Село;8a3d7e52-382e-4e9e-a06d-05bcb79f0900;1
188;Амурская область;Ивановский Район;Дмитриевский сельсовет;Дмитриевка Село;38051aac-4559-4881-bab9-b793a82ed9cd;1
189;Амурская область;Ивановский Район;Ерковецкий сельсовет;Ерковцы Село;5262b09f-a944-4322-a4a3-8be0542ea10e;1
190;Амурская область;Ивановский Район;Ерковецкий сельсовет;Черкасовка Село;87f765e2-f841-40e3-bd50-3d06efca83c4;1
191;Амурская область;Ивановский Район;Ивановский сельсовет;Крещеновка Село;ab4f9fe6-1636-47d4-928e-25bc4ed5a567;1
192;Амурская область;Ивановский Район;Ивановский сельсовет;Луговое Село;3e0dbf79-07ee-4c38-a6e2-0c3c4900480d;1
193;Амурская область;Ивановский Район;Константиноградовский сельсовет;Константиноградовка Село;ae095014-fda7-4a63-8486-e86bdd47df84;1
194;Амурская область;Ивановский Район;Николаевский сельсовет;Николаевка Село;a5f762ad-eefe-434c-84a0-8f804e057a83;1
195;Амурская область;Ивановский Район;Николаевский сельсовет;Новопокровка Село;6212df98-00da-4cb8-95cb-14890cdb1a7a;1
196;Амурская область;Ивановский Район;Новоалексеевский сельсовет;Новоалексеевка Село;6f0ff187-5c73-4db6-ac1f-940a8b35137c;1
197;Амурская область;Ивановский Район;Новоалексеевский сельсовет;Ракитное Село;b1b43e41-0bf7-4b7e-8cfe-6a95c9888d51;1
198;Амурская область;Ивановский Район;Новоивановский сельсовет;Полевое Село;82158c55-23fe-435e-a3ed-296ba80b46f0;1
199;Амурская область;Ивановский Район;Новоивановский сельсовет;Среднебелое Село;a49f8ba4-f15d-45db-bd55-a2002ad8d696;1
200;Амурская область;Ивановский Район;Петропавловский сельсовет;Петропавловка Село;9660498e-ce44-4277-a33f-b1a1ce9cb77b;1
201;Амурская область;Ивановский Район;Правовосточный сельсовет;Некрасовка Село;e556f247-4498-4df7-b958-fd665f785d7f;1
202;Амурская область;Ивановский Район;Правовосточный сельсовет;Правовосточное Село;2ddd3291-f5e8-4ccf-9695-5f707fde525f;1
203;Амурская область;Ивановский Район;Правовосточный сельсовет;Садовое Село;0faf9e67-83c9-48e8-825d-b6a9c34a4eee;1
204;Амурская область;Ивановский Район;Приозерный сельсовет;Надежденское Село;f7290b64-8b3f-475e-a3df-20a1c2077fec;1
205;Амурская область;Ивановский Район;Приозерный сельсовет;Солнечное Село;d1d12893-4aed-4f43-aeb7-06480c893d43;1
206;Амурская область;Ивановский Район;Семиозерский сельсовет;Семиозерка Село;ca7f1eb7-dd0b-4d18-a1ee-f8134e49ddda;1
207;Амурская область;Ивановский Район;Среднебельский сельсовет;Приозерное Село;cd08a859-bb10-4ed3-9c7b-93c978499e78;1
208;Амурская область;Ивановский Район;Среднебельский сельсовет;Среднебелая Село;1210b029-de80-48a9-9a37-b2aa9f97b749;1
209;Амурская область;Ивановский Район;Троицкий сельсовет;Троицкое Село;9463f1f2-1a8c-416a-8635-d5f0a20f3ec1;1
210;Амурская область;Ивановский Район;Черемховский сельсовет;Богородское Село;415d05e7-909a-40ed-9684-b9447a4d9bf3;1
211;Амурская область;Ивановский Район;Черемховский сельсовет;Черемхово Село;9a525cab-be05-4c17-ae6a-5cbe1709d89a;1
212;Амурская область;Константиновский Район;;Верхний Уртуй Село;74d2e302-cefd-4976-b05e-f24209deddee;1
213;Амурская область;Константиновский Район;;Новотроицкое Село;94332b32-da4b-4d87-b95d-648d330a09a1;1
214;Амурская область;Константиновский Район;Верхнеполтавский сельсовет;Верхняя Полтавка Село;4e9b37ce-2032-4ea2-b838-aa3f0c1c1ccc;1
215;Амурская область;Константиновский Район;Войковский сельсовет;Войково Село;6b583cab-78cb-46ad-addc-1a0232adb0d1;1
216;Амурская область;Константиновский Район;Зеньковский сельсовет;Зеньковка Село;e139a959-fd74-40f8-91f2-a3ab39681610;1
217;Амурская область;Константиновский Район;Золотоножский сельсовет;Золотоножка Село;2d2085ae-cdfa-4af8-a6c8-ba118f3d1912;1
218;Амурская область;Константиновский Район;Ключевской сельсовет;Ключи Село;fe5246d5-1271-47e9-bc6c-42c404c75264;1
219;Амурская область;Константиновский Район;Коврижский сельсовет;Коврижка Село;dd1d0660-4e70-4d1f-8375-7d6febc3a417;1
220;Амурская область;Константиновский Район;Коврижский сельсовет;Октябрьское Село;9f29bf41-62d0-4bbb-b03e-4a45646cfc92;1
221;Амурская область;Константиновский Район;Константиновский сельсовет;Константиновка Село;985e2821-23f3-457c-af10-6c3471661681;1
222;Амурская область;Константиновский Район;Крестовоздвиженский сельсовет;Крестовоздвиженка Село;875f8a89-ee23-4f19-a616-487c2e6e3a96;1
223;Амурская область;Константиновский Район;Нижнеполтавский сельсовет;Нижняя Полтавка Село;6e493317-aaef-46dc-baf2-81cafbadc607;1
224;Амурская область;Константиновский Район;Новопетровский сельсовет;Новопетровка Село;8bd7666e-95df-4fa3-aa89-86a33731c893;1
225;Амурская область;Константиновский Район;Орловский сельсовет;Орловка Село;a011d79d-dad8-4e2a-99f9-34567c58ad17;1
226;Амурская область;Константиновский Район;Семидомский сельсовет;Семидомка Село;1bb10819-054c-49ab-9225-c6d9cf32de9b;1
227;Амурская область;Константиновский Район;Среднеполтавский сельсовет;Средняя Полтавка Село;895724cd-c6a5-446d-b4df-6ead0030a2af;1
228;Амурская область;Магдагачинский Район;Гонжинский сельсовет;Гонжа Село;4a6979f7-4649-4f3b-8585-3069ab04ca96;1
229;Амурская область;Магдагачинский Район;Гонжинский сельсовет;Кислый Ключ Село;b0709e8b-a684-49ba-9a4c-e5fda8555f12;1
230;Амурская область;Магдагачинский Район;Гудачинский сельсовет;Гудачи Поселок;ae0b955b-821f-4b5c-b052-412e2f00f802;1
231;Амурская область;Магдагачинский Район;Дактуйский сельсовет;Дактуй Село;8f18399f-06a1-4aeb-823b-77b54af9739f;1
232;Амурская область;Магдагачинский Район;Кузнецовский сельсовет;Кузнецово Село;751df07a-3a26-4740-8875-517fa5e57d2c;1
233;Амурская область;Магдагачинский Район;рабочий поселок (поселок городского типа) Магдагачи;2 нп блок-пост Красная Падь Станция;a97a26c4-06a3-450e-bff7-fddc8144df62;1
234;Амурская область;Магдагачинский Район;рабочий поселок (поселок городского типа) Сиваки;Сиваки Поселок городского типа;1248db56-93bf-4300-a4d4-2b62d7fc7b89;1
235;Амурская область;Магдагачинский Район;рабочий поселок (поселок городского типа) Ушумун;Ушумун Поселок городского типа;5d96bd31-700f-4157-a290-48232baa4627;1
236;Амурская область;Магдагачинский Район;Толбузинский сельсовет;Толбузино Село;a9362e31-079f-46b9-9661-ce956a622063;1
237;Амурская область;Магдагачинский Район;Тыгдинский сельсовет;Тыгда Село;df75c9f9-fa93-4c6b-84cc-e2ea89b6c228;1
238;Амурская область;Магдагачинский Район;Чалганский сельсовет;Чалганы Поселок;8f881ae2-6ea0-4057-968b-2d589c32abaf;1
239;Амурская область;Магдагачинский Район;Черняевский сельсовет;Черняево Село;5064416a-f6fc-4db1-af28-353276451b52;1
240;Амурская область;Магдагачи Район;рабочий поселок (поселок городского типа) Магдагачи;рабочий поселок (поселок городского типа) Магдагачи;7f224d22-af84-49fa-b785-8db74957e595;1
241;Амурская область;Мазановский Район;Белояровский сельсовет;Белоярово Село;0bf9465b-5254-4513-a43f-f2d9c26a9675;1
242;Амурская область;Мазановский Район;Белояровский сельсовет;Юбилейное Село;87743db3-a4bb-4034-a660-ff5212167999;1
243;Амурская область;Мазановский Район;Богословский сельсовет;Богословка Село;48cdf25e-24e6-4a57-b094-67712221ae7d;1
244;Амурская область;Мазановский Район;Богословский сельсовет;Козловка Село;d62dca66-09ab-4eb2-b24c-bc7343721b23;1
245;Амурская область;Мазановский Район;Дмитриевский сельсовет;Бичура Село;8b78e9e9-dfd9-485d-bc93-3b0006d21d9f;1
246;Амурская область;Мазановский Район;Дмитриевский сельсовет;Дмитриевка Село;be250a0e-5804-4326-a056-8c9f0024100f;1
247;Амурская область;Мазановский Район;Дмитриевский сельсовет;Каничи Село;10aa981b-b308-4296-a0f4-d96481594398;1
248;Амурская область;Мазановский Район;Дмитриевский сельсовет;Паутовка Село;3dd62336-f341-4ce4-bacb-0a27e3e8508d;1
249;Амурская область;Мазановский Район;Краснояровский сельсовет;Антоновка Село;0b94f7eb-c497-4120-894e-7ecfaa51274a;1
250;Амурская область;Мазановский Район;Краснояровский сельсовет;Красноярово Село;39dbaa5f-e381-4939-baa3-c6a6765dbc06;1
251;Амурская область;Мазановский Район;Краснояровский сельсовет;Леонтьевка Село;dc24f882-20d6-425a-af7c-ad2e1ac44fd2;1
252;Амурская область;Мазановский Район;Краснояровский сельсовет;Михайловка Село;03a06ea2-7106-42cb-bdb5-d42f506f0b68;1
253;Амурская область;Мазановский Район;Краснояровский сельсовет;Петровка Село;91946ddb-a336-4b57-a1ed-7090ab4c4111;1
254;Амурская область;Мазановский Район;Мазановский сельсовет;Мазаново Село;259e5daa-4b91-458d-8700-680337a5d375;1
255;Амурская область;Мазановский Район;Майский сельсовет;Ивановский Поселок;393c46bb-9128-44a9-a53e-a18b88cd694b;1
256;Амурская область;Мазановский Район;Маргаритовский сельсовет;Маргаритовка Село;c315df15-5726-477f-af91-a8c366f03de5;1
257;Амурская область;Мазановский Район;Молчановский сельсовет;Молчаново Село;78563901-5c28-4128-a267-91bb60be1ef8;1
258;Амурская область;Мазановский Район;Молчановский сельсовет;Поповка Село;8ac3869e-e038-4a1b-8411-7a10b3800ec5;1
259;Амурская область;Мазановский Район;Молчановский сельсовет;Спицино Село;044a7892-ae19-4226-9409-58a04fb6b258;1
260;Амурская область;Мазановский Район;Новокиевский сельсовет;Новокиевка Село;94caa5c3-c0a1-4d49-8407-fecf63495ceb;1
261;Амурская область;Мазановский Район;Новокиевский сельсовет;Новокиевский Увал Село;78ebd226-f10f-4f63-89fc-01f35f99bccc;2
262;Амурская область;Мазановский Район;Новокиевский сельсовет;Пионерский Поселок;982c5055-f3b4-45a1-909c-d48e1f34bfef;1
263;Амурская область;Мазановский Район;Новороссийский сельсовет;Новороссийка Село;d16cd888-d4b7-4871-8eaa-ed0959063d39;1
264;Амурская область;Мазановский Район;Новороссийский сельсовет;Слава Село;7c5258d7-9356-42e2-b8ef-7982270210ea;1
265;Амурская область;Мазановский Район;Практичанский сельсовет;Практичи Село;94bd6f85-b587-402f-9ecf-e8bef6ac13ee;1
266;Амурская область;Мазановский Район;Практичанский сельсовет;Сохатино Село;153035b5-bdac-4fa8-8de3-4c8c94874281;1
267;Амурская область;Мазановский Район;Путятинский сельсовет;Путятино Село;6caea5b9-87ea-4b95-a0ce-a2e346054c0c;1
268;Амурская область;Мазановский Район;Путятинский сельсовет;Таскино Село;72972370-3d5f-42ac-9f00-3c1eab36a235;2
269;Амурская область;Мазановский Район;Романкауцкий сельсовет;Дружное Село;2cdcab43-5b9f-4e60-97f6-a6ce699003bf;1
270;Амурская область;Мазановский Район;Романкауцкий сельсовет;Раздольное Село;b85ecbe1-e750-4a73-9776-93fbd533c750;1
271;Амурская область;Мазановский Район;Романкауцкий сельсовет;Романкауцы Село;e0cb8f5a-376c-46b0-bd95-7f82022838be;1
272;Амурская область;Мазановский Район;Сапроновский сельсовет;Алексеевка Село;7df5bb7c-fa69-4ddf-9c9a-169d1c5c97e3;1
273;Амурская область;Мазановский Район;Сапроновский сельсовет;Кольцовка Село;c6c0f046-4008-41c7-965a-a3ec3aafa6e4;1
274;Амурская область;Мазановский Район;Сапроновский сельсовет;Сапроново Село;f2429039-7584-47f1-a0ba-ea2e72e6cb16;1
275;Амурская область;Мазановский Район;Сапроновский сельсовет;Христиновка Село;0732cd9f-dc25-4791-908b-973babbc8372;1
276;Амурская область;Мазановский Район;Угловской сельсовет;Абайкан Село;c53fc14f-31cc-43c8-a396-c32602b8ffe0;1
277;Амурская область;Мазановский Район;Угловской сельсовет;Угловое Село;246bf709-f28d-4be5-aac0-4b273acf48da;1
278;Амурская область;Мазановский Район;Угловской сельсовет;Ульма Село;af19d6a7-2ce3-4e08-adf2-a1324e8fb426;1
279;Амурская область;Михайловский Район;;Арсентьевка Село;2e63cbbb-3d7b-4547-a4af-f46cd8d545e4;1
280;Амурская область;Михайловский Район;Воскресеновский сельсовет;Воскресеновка Село;a427d325-672f-4a82-94d3-bc3b849eac9a;1
281;Амурская область;Михайловский Район;Воскресеновский сельсовет;Воскресеновка Станция;da4ac188-25a5-43b0-b47a-11f92929a59a;1
282;Амурская область;Михайловский Район;Воскресеновский сельсовет;Кавказ Село;b49a73d1-758a-46ef-bfbe-ef266a1c018f;1
283;Амурская область;Михайловский Район;Воскресеновский сельсовет;Шумиловка Село;dd379082-651d-433b-8d0f-e6ca0dbec2fb;1
284;Амурская область;Михайловский Район;Димский сельсовет;Дим Село;fdeebaa3-9d60-460a-a7ab-2fbf2d07360c;1
285;Амурская область;Михайловский Район;Дубовской сельсовет;Дубовое Село;6ec90632-f029-41c5-8f64-a9be76a084d8;1
286;Амурская область;Михайловский Район;Дубовской сельсовет;Привольное Село;90ebfab6-d830-4162-81d6-4c1b51af3be5;1
287;Амурская область;Михайловский Район;Дубовской сельсовет;Шурино Село;71d346f0-7f9b-47e8-862d-dee3819ffa5a;1
288;Амурская область;Михайловский Район;Зеленоборский сельсовет;Зеленый Бор Село;9b9f5924-4cfc-4cf4-8972-8c332041453e;1
289;Амурская область;Михайловский Район;Зеленоборский сельсовет;Красный Яр Село;f3ec44eb-9768-49d6-87ef-e8e02aa24ae5;1
290;Амурская область;Михайловский Район;Зеленоборский сельсовет;Черемисино Село;51e52a70-6588-4cf4-baec-7a5781c70aa6;1
291;Амурская область;Михайловский Район;Ильиновский сельсовет;Нижняя Ильиновка Село;24d328c8-20f4-4bc1-b1f6-44c55eba55ec;1
292;Амурская область;Михайловский Район;Ильиновский сельсовет;Ярославка Село;0234f94b-82f4-4389-a25d-a81090910ae3;1
293;Амурская область;Михайловский Район;Калининский сельсовет;Винниково Село;2637fae1-5784-4654-96e5-c0b2ea459a3e;1
294;Амурская область;Михайловский Район;Калининский сельсовет;Калинино Село;3868cc84-aa5e-42d3-bf5e-3af931b49586;1
295;Амурская область;Михайловский Район;Коршуновский сельсовет;Коршуновка Село;d562463e-c2be-48b4-8de8-25c43931a32a;1
296;Амурская область;Михайловский Район;Коршуновский сельсовет;Красный Восток Село;1c707bd6-7044-4274-8095-6d331d2e5027;1
297;Амурская область;Михайловский Район;Коршуновский сельсовет;Нижняя Завитинка Село;7742f4d1-629e-480b-9a24-aea70b19c3e8;1
298;Амурская область;Михайловский Район;Михайловский сельсовет;Михайловка Село;b84a7503-3c5f-4e6b-9288-825f45dcd97c;1
299;Амурская область;Михайловский Район;Михайловский сельсовет;Новогеоргиевка Село;cbbb135c-9acc-491b-a5dd-b4728c5dafe2;1
300;Амурская область;Михайловский Район;Михайловский сельсовет;Петропавловка Село;03d722e6-ed7d-4a4c-b952-7fa5779bd428;1
301;Амурская область;Михайловский Район;Новочесноковский сельсовет;Высокое Село;1eef0bf3-678c-4fbe-a40b-dd790bb2c12c;1
302;Амурская область;Михайловский Район;Новочесноковский сельсовет;Куприяново Село;feeb165d-76b5-4fb4-ac77-ede2a557b5c3;1
303;Амурская область;Михайловский Район;Новочесноковский сельсовет;Новочесноково Село;598a4301-bdc7-4c0e-a369-a78f96e96cc6;1
304;Амурская область;Михайловский Район;Поярковский сельсовет;Поярково Село;2cd7ba60-953f-4669-94df-eaf559e21712;1
305;Амурская область;Михайловский Район;Чесноковский сельсовет;Красная Орловка Село;47042c73-6315-42cf-8c2e-a4b7509c1150;1
306;Амурская область;Михайловский Район;Чесноковский сельсовет;Чесноково Село;002d0c4c-97c8-476e-9611-7341f463d736;1
307;Амурская область;Михайловский Район;Чесноковский сельсовет;Шадрино Село;51682e39-9be0-476d-99a0-a4094484c4a2;1
308;Амурская область;Октябрьский Район;Борисоглебский сельсовет;Борисоглебка Село;bcab39be-6d00-4eba-893e-d3c316a02438;1
309;Амурская область;Октябрьский Район;Борисоглебский сельсовет;Ильиновка Село;5317fe44-598a-4945-bec7-dc26084aa159;1
310;Амурская область;Октябрьский Район;Восточный сельсовет;Прибрежный Поселок;5b648bb7-796a-4f7b-83e1-ccafeccd1fc7;1
311;Амурская область;Октябрьский Район;Екатеринославский сельсовет;Нагорный Поселок;82cff82b-3c0a-4787-8497-a86a01a90920;1
312;Амурская область;Октябрьский Район;Королинский сельсовет;Георгиевка Село;4024b50c-0911-4bcd-b33a-5ae631c82b01;1
313;Амурская область;Октябрьский Район;Королинский сельсовет;Короли Село;e5255879-dea2-4944-8538-39ac652a9d6b;1
314;Амурская область;Октябрьский Район;Королинский сельсовет;Смирновка Село;73e28399-4592-424e-a6bc-16c692003353;1
315;Амурская область;Октябрьский Район;Максимовский сельсовет;Кутилово Село;4f24e14d-23be-4311-96e3-3c337c9109bf;1
316;Амурская область;Октябрьский Район;Новомихайловский сельсовет;Новомихайловка Село;48f251fe-1e93-4beb-801f-ec13e6a395fd;1
317;Амурская область;Октябрьский Район;Новомихайловский сельсовет;Сергее-Федоровка Село;9d80442d-58f5-438e-b554-5b82a0aad08e;1
318;Амурская область;Октябрьский Район;Новомихайловский сельсовет;Троебратка Станция;0fa1384e-6d49-4256-a538-1f5e34a7d875;1
319;Амурская область;Октябрьский Район;Новомихайловский сельсовет;Харьковка Село;b842ebe5-73da-481c-addf-0051d8fa6412;1
320;Амурская область;Октябрьский Район;Панинский сельсовет;Панино Село;cb739f1b-4d9b-4617-bb3a-ed4f99895d13;1
321;Амурская область;Октябрьский Район;Панинский сельсовет;Южный Поселок;ba9efeb6-395e-4839-91dd-75202497bd37;1
322;Амурская область;Октябрьский Район;Переясловский сельсовет;Переясловка Село;7af317fc-32e8-458b-9071-333a85caf39d;1
323;Амурская область;Октябрьский Район;Переясловский сельсовет;Преображеновка Село;f9431e4e-faed-478b-8ee2-cbe3eb21c2ed;1
324;Амурская область;Октябрьский Район;Романовский сельсовет;Марьяновка Село;be3ce7cc-02de-4846-9873-841da97a3412;1
325;Амурская область;Октябрьский Район;Романовский сельсовет;Романовка Село;ecd1aa2c-35ab-4f52-a37d-c89eab225257;1
326;Амурская область;Октябрьский Район;Смеловский сельсовет;Беляковка Село;2198e3c1-3b56-433f-b3dc-481b0c1792d2;1
327;Амурская область;Октябрьский Район;Смеловский сельсовет;Смелое Село;77828680-1ee1-44b9-91eb-5d3690a265d3;1
328;Амурская область;Октябрьский Район;Смеловский сельсовет;Ясная Поляна Село;63f7ba0c-a0e5-40ff-8229-417593f9bb73;1
329;Амурская область;Октябрьский Район;Трудовой сельсовет;Трудовой Поселок;6adfbcea-d191-4ad0-9480-5bf52cbaca50;1
330;Амурская область;Октябрьский Район;Трудовой сельсовет;Увальный Поселок;6d1289ae-7437-462d-8b32-1979f01f0207;1
331;Амурская область;Прогресс Поселок городского типа;;Кивдинский Поселок;c3d53086-a4fe-46ae-aa1e-67a9c91c40b1;1
332;Амурская область;Прогресс Поселок городского типа;;Новорайчихинск Поселок городского типа;60487e56-ce58-48a3-a066-dbe840346d71;1
333;Амурская область;Прогресс Поселок городского типа;рабочий поселок (поселок городского типа) Прогресс;рабочий поселок (поселок городского типа) Прогресс;16de8821-04f5-4239-b33b-739f8eff7c88;1
334;Амурская область;Райчихинск Город;;Широкий Поселок городского типа;d4eb5676-c991-405a-bf44-fc44fbc32a38;1
335;Амурская область;Райчихинск Город;город Райчихинск;город Райчихинск;981b5f3a-f0b6-444f-a6fb-c2bc10804b31;2
336;Амурская область;Райчихинск Город;город Райчихинск;Угольное Село;2f79ae45-6399-47d1-a6c6-fed6f9346b77;1
337;Амурская область;Ромненский Район;;Калиновка Село;316e9240-4799-4a9a-b145-6b6a0eaeee23;1
338;Амурская область;Ромненский Район;;Поздеевка Село;8829ae29-f0eb-4f68-bee3-8916bef26535;1
339;Амурская область;Ромненский Район;Амаранский сельсовет;Амаранка Село;61f80b67-e0bd-4db0-9978-4010853bdf4f;1
340;Амурская область;Ромненский Район;Амаранский сельсовет;Восточная Нива Село;f16e8392-178d-4197-8262-4d7eb9a1e364;1
341;Амурская область;Ромненский Район;Амаранский сельсовет;Новониколаевка Село;bfd437ee-53d5-4db2-b415-42dc50b9f366;1
342;Амурская область;Ромненский Район;Верхнебельский сельсовет;Верхнебелое Село;0ae675e1-5a73-4aec-879c-5627fc7b02b3;1
343;Амурская область;Ромненский Район;Верхнебельский сельсовет;Новороссийка Село;aad508bf-a0ff-46e1-91da-ec0933302533;1
344;Амурская область;Ромненский Район;Дальневосточный сельсовет;Григорьевка Село;8ea28503-a372-4cee-b659-846985d3522d;1
345;Амурская область;Ромненский Район;Дальневосточный сельсовет;Дальневосточное Село;351d36df-87f6-42ef-975f-a2306c8d913a;1
346;Амурская область;Ромненский Район;Знаменский сельсовет;Знаменка Село;db379750-0df1-4daf-b3bb-090acbe47c0f;1
347;Амурская область;Ромненский Район;Знаменский сельсовет;Кузьмичи Село;e111b790-4168-42b9-b8cd-dc2dfba5b95f;1
348;Амурская область;Ромненский Район;Каховский сельсовет;Каховка Село;ea69e2d9-fb52-4b00-98bd-10238ee33a86;1
349;Амурская область;Ромненский Район;Каховский сельсовет;Новый Быт Село;3ba8bbbc-aca9-41d5-9c83-3cbf64f9fd7b;1
350;Амурская область;Ромненский Район;Каховский сельсовет;Серединное Село;bc5415a5-de05-494e-967b-32be21ef18b6;1
351;Амурская область;Ромненский Район;Рогозовский сельсовет;Вознесеновка Село;f8ae3a92-c54d-4ee5-b8eb-eb4e6aba4379;1
352;Амурская область;Ромненский Район;Рогозовский сельсовет;Высокое Село;662b9729-46d4-48fb-8111-160525e09828;1
353;Амурская область;Ромненский Район;Рогозовский сельсовет;Климовка Село;e72a1200-6ad5-403c-a9ab-736aa648607f;1
354;Амурская область;Ромненский Район;Рогозовский сельсовет;Рогозовка Село;c6f3a2e8-3cba-4fd6-a55d-32ec0e511e22;1
355;Амурская область;Ромненский Район;Ромненский сельсовет;Ромны Село;30115627-72c7-435c-8d2b-9b3656de42ae;1
356;Амурская область;Ромненский Район;Святоруссовский сельсовет;Любимое Село;375151a4-f800-4591-b5ae-49b88fbe9e9a;1
357;Амурская область;Ромненский Район;Святоруссовский сельсовет;Морозовка Село;cec24540-3bff-47b3-9a14-89d789fee2cd;1
358;Амурская область;Ромненский Район;Святоруссовский сельсовет;Святоруссовка Село;bb6c039b-a4e6-4cfd-a979-a0c68b254e84;1
359;Амурская область;Ромненский Район;Чергалинский сельсовет;Братолюбовка Село;d701338b-7e9e-435c-a305-86cd2d5d7ef9;1
360;Амурская область;Ромненский Район;Чергалинский сельсовет;Придорожное Село;da3eafc7-3526-410e-a7f2-bf541d6515f0;1
361;Амурская область;Ромненский Район;Чергалинский сельсовет;Райгородка Село;d91c6123-cede-4a9b-9572-ac4fadc60660;1
362;Амурская область;Ромненский Район;Чергалинский сельсовет;Смоляное Село;51e4d05d-a833-4809-8f9e-020c6c27b71a;1
363;Амурская область;Ромненский Район;Чергалинский сельсовет;Хохлатское Село;34d1d0b1-bdb3-4a5c-81b1-3c37a55a94f9;1
364;Амурская область;Ромненский Район;Чергалинский сельсовет;Чергали Село;8baff713-73d8-4202-859b-bc5e16311662;1
365;Амурская область;Свободненский Район;;Голубое Село;6ff2f522-4338-4c1e-8fc8-f896bcd0ef6f;1
366;Амурская область;Свободненский Район;;Маркучи Село;7659a47e-3cb1-49e8-85db-f4514141028e;1
367;Амурская область;Свободненский Район;;Новостепановка Село;620338ad-be2c-4f78-a83e-318af6f17756;1
368;Амурская область;Свободненский Район;;Рогачевка Село;54d81f6e-d135-425a-9c02-638986ef5681;1
369;Амурская область;Свободненский Район;;Талали Село;8d9d84cd-9169-4fe5-9595-c252537fab1f;1
370;Амурская область;Свободненский Район;;Усть-Пера Село;4a82b512-9b5b-4155-9d82-b2c4003cb329;1
371;Амурская область;Свободненский Район;;Черниговка Село;4f1e23b1-1913-4517-84b5-c89ad446a468;1
372;Амурская область;Свободненский Район;Дмитриевский сельсовет;Дмитриевка Село;a0426dcb-0582-4fd8-a617-0a40e1c506bf;1
373;Амурская область;Свободненский Район;Дмитриевский сельсовет;Юхта-3 Поселок;2710eddd-9f40-4026-9ca6-b5653fef7b31;1
374;Амурская область;Свободненский Район;Дмитриевский сельсовет;Юхта Поселок;2133f896-e624-4222-849b-cfe8cb1ce9bf;1
375;Амурская область;Свободненский Район;Желтояровский сельсовет;Гащенка Село;5136c76d-8489-4334-9ef5-6aba3c519f88;1
376;Амурская область;Свободненский Район;Желтояровский сельсовет;Желтоярово Село;07756d7b-a989-4bcd-9e2a-20268e8f5afc;1
377;Амурская область;Свободненский Район;Желтояровский сельсовет;Заган Село;d0013f57-bc06-4e82-ac44-f4493490d5be;1
378;Амурская область;Свободненский Район;Желтояровский сельсовет;Новоникольск Село;0a3e48fb-13bb-4b74-bd9d-26b98d379990;1
379;Амурская область;Свободненский Район;Загорно-Селитьбинский сельсовет;Загорная Селитьба Село;59ae1804-8656-438b-8372-d93065b3db83;1
380;Амурская область;Свободненский Район;Климоуцевский сельсовет;Климоуцы Село;7ebce4f1-6bfe-4713-be13-512836ffbd1c;1
381;Амурская область;Свободненский Район;Костюковский сельсовет;Зиговка Село;3668a53c-e673-448a-a633-b0f068e97dcd;1
382;Амурская область;Свободненский Район;Костюковский сельсовет;Костюковка Село;81575612-1176-4dc0-aac5-96ed9ec5c0c7;1
383;Амурская область;Свободненский Район;Костюковский сельсовет;Малый Эргель Село;afa38fbe-96c2-4b45-a622-f8d5be9f42ab;1
384;Амурская область;Свободненский Район;Костюковский сельсовет;Серебрянка Село;dd00f54f-c44f-4dbb-8986-750a2d31d8d1;1
385;Амурская область;Свободненский Район;Курганский сельсовет;Глухари Село;31f8d9e4-29e6-4125-bc2d-580ea6e3eb52;1
386;Амурская область;Свободненский Район;Курганский сельсовет;Курган Село;87ee906d-473a-426b-9f1b-216348cad8dc;1
387;Амурская область;Свободненский Район;Малосазанский сельсовет;Малая Сазанка Село;d8dfd86a-0807-432b-a3c3-916f0d8372af;1
388;Амурская область;Свободненский Район;Москвитинский сельсовет;Источное Село;35c3d177-29d1-4bd4-8121-271b8035bd3d;1
389;Амурская область;Свободненский Район;Москвитинский сельсовет;Москвитино Село;007814ee-f43a-4d22-87bf-29a0394b1db7;1
390;Амурская область;Свободненский Район;Нижнебузулинский сельсовет;Нижние Бузули Село;7fe8c063-2dcc-4583-81e8-4667061f67c2;1
391;Амурская область;Свободненский Район;Нижнебузулинский сельсовет;Новоострополь Село;7e9bfdc5-9267-4359-be57-506293b91bb2;1
392;Амурская область;Свободненский Район;Новгородский сельсовет;Бардагон Село;b8ea745d-3de7-4373-a3ea-48592b32aa3f;1
393;Амурская область;Свободненский Район;Новгородский сельсовет;Новгородка Село;f9377b51-bed9-428f-89d9-a863757cfc67;1
394;Амурская область;Свободненский Район;Новгородский сельсовет;Подгорный Поселок;84ef84f0-7d45-4128-81a1-6854331479f8;1
395;Амурская область;Свободненский Район;Новоивановский сельсовет;Новоивановка Село;81b7351d-c9e3-44c5-afa0-eb932a0f72fc;1
396;Амурская область;Свободненский Район;Петропавловский сельсовет;Буссе Село;be5ce27a-e4af-4550-a88c-8befca1bb23e;1
397;Амурская область;Свободненский Район;Петропавловский сельсовет;Петропавловка Село;a74c0353-05f4-420a-8f81-6f04ddcedac5;1
398;Амурская область;Свободненский Район;Семеновский сельсовет;Семеновка Село;896f35c2-ed46-4293-a9fa-640ebe6d86f3;1
399;Амурская область;Свободненский Район;Семеновский сельсовет;Сукромли Село;c9cad8ab-8d27-48d7-bdc7-bb747ddb81ea;1
400;Амурская область;Свободненский Район;Сычевский сельсовет;Гуран Село;c7f565b6-7b51-43ca-bff3-c744f3287334;1
401;Амурская область;Свободненский Район;Сычевский сельсовет;Сычевка Село;3f0e3374-4b83-4d19-80fa-b99396b569ef;1
402;Амурская область;Свободненский Район;Черновский сельсовет;д/о Бузули Село;8387d2e9-5dbd-4fc9-ad9f-20d04330746b;1
403;Амурская область;Свободненский Район;Черновский сельсовет;Разливная Село;55034e39-5aa3-4056-aff1-ca7c1e2bfe5d;1
404;Амурская область;Свободненский Район;Черновский сельсовет;Чембары Село;f30f65d1-ccd8-481a-8c5e-f6f3ef4cd239;1
405;Амурская область;Свободненский Район;Черновский сельсовет;Черновка Село;811fd328-362a-4f5b-9489-0eba7e1fb0de;1
406;Амурская область;Свободный Город;город Свободный;город Свободный;dd560dfa-3feb-48e2-aa3b-b71213e7441e;3
407;Амурская область;Селемджинский Район;;Селемджинск Село;72985d57-2d75-4785-935c-e50b0bb3fd87;1
408;Амурская область;Селемджинский Район;;Стойба Село;9a0261a0-9a9d-4a42-ae91-fd7ce38a0b05;1
409;Амурская область;Селемджинский Район;Златоустовский сельсовет;Златоустовск Поселок;b4786ab0-2cf2-40d0-8c32-75d3e4f61bcb;1
410;Амурская область;Селемджинский Район;Златоустовский сельсовет;Ольгинск Село;02f3c747-8f94-4ffa-b0be-9fc59729b3ef;1
411;Амурская область;Селемджинский Район;Ивановский сельсовет;Ивановское Село;f07d3ec7-8c27-4ec6-8ed8-837b34a416ba;1
412;Амурская область;Селемджинский Район;Исинский сельсовет;Иса Поселок;3dd5684b-f591-464e-a203-7e08cdbe5d8d;1
413;Амурская область;Селемджинский Район;Коболдинский сельсовет;Коболдо Село;70b9d1b0-0278-4f26-b4c3-a5f9615d1f01;1
414;Амурская область;Селемджинский Район;Норский сельсовет;Бысса Село;d7f47d92-08db-44ad-8ded-19cb3707ab94;1
415;Амурская область;Селемджинский Район;Норский сельсовет;Норск Село;577c2d84-0420-49ae-958b-b974c049a7f0;1
416;Амурская область;Селемджинский Район;Огоджинский сельсовет;Огоджа Село;3e0b7c3d-9884-4ba0-99bc-a63612f8df76;1
417;Амурская область;Селемджинский Район;рабочий поселок (поселок городского типа) Токур;Токур Поселок городского типа;1561dac6-48c5-495c-ab44-f1d897f720d6;1
418;Амурская область;Селемджинский Район;рабочий поселок (поселок городского типа) Февральск;Февральское Село;dc9ce329-6d86-46d2-bacf-f06b08dc6b5d;1
419;Амурская область;Селемджинский Район;рабочий поселок (поселок городского типа) Февральск;Февральск Поселок городского типа;57bcc833-72d5-4ae2-9d6a-580bab0ead18;1
420;Амурская область;Селемджинский Район;рабочий поселок (поселок городского типа) Экимчан;Экимчан Поселок городского типа;68f52830-2387-4b81-80eb-d1fcf9808992;2
421;Амурская область;Серышевский Район;;Верное Село;8725de76-5647-4573-8455-78eb5c8145ef;1
422;Амурская область;Серышевский Район;;Новосергеевка Село;40130f23-cdd1-4331-b822-707f11e02be9;1
423;Амурская область;Серышевский Район;;Серышево Поселок городского типа;44cb697f-f56c-42ca-93d4-1e791801d78b;1
424;Амурская область;Серышевский Район;;Украинка Село;8d39877f-0b61-4681-b6bd-dda1511fbbad;1
425;Амурская область;Серышевский Район;Аргинский сельсовет;Арга Станция;c30692db-2188-40df-b94f-14f48bc11370;1
426;Амурская область;Серышевский Район;Аргинский сельсовет;Введеновка Село;75bd691d-1240-485a-a469-d67a11fd2a9b;1
427;Амурская область;Серышевский Район;Аргинский сельсовет;Веселое Село;8b34efee-71ec-4d09-803b-715fa1addf91;1
428;Амурская область;Серышевский Район;Большесазанский сельсовет;Большая Сазанка Село;dec81215-547c-4e5a-bdb1-f22dc9bd1af9;1
429;Амурская область;Серышевский Район;Большесазанский сельсовет;Воронжа Село;f5ed692e-0e2b-4f23-bce4-a3fab309b3f5;1
430;Амурская область;Серышевский Район;Большесазанский сельсовет;Ключики Село;7d40b675-a739-4f73-9857-f80204b5e50e;1
431;Амурская область;Серышевский Район;Водораздельненский сельсовет;Водораздельное Село;dd4e0551-2197-4e98-b213-35dceab4be70;1
432;Амурская область;Серышевский Район;Водораздельненский сельсовет;Мелехино Село;c64ed4bb-18cd-4400-9638-34a8d25c28a6;1
433;Амурская область;Серышевский Район;Казанский сельсовет;Казанка Село;7d077f5b-576d-47bd-af5a-0dbdfa1fb1e6;1
434;Амурская область;Серышевский Район;Казанский сельсовет;Калиновка Село;60d202f5-f329-4141-bab0-f085f1cf6c84;1
435;Амурская область;Серышевский Район;Казанский сельсовет;Липовка Село;8619aa5c-8c59-45a7-8fdc-549eef40b522;1
436;Амурская область;Серышевский Район;Казанский сельсовет;Сретенка Село;dfc4580b-d9b1-4e2a-a627-1e8168466cd7;1
437;Амурская область;Серышевский Район;Лебяжьевский сельсовет;Белоусовка Село;ee63ae0a-4cf6-47a0-a141-2bf6a1eaf6bb;1
438;Амурская область;Серышевский Район;Лебяжьевский сельсовет;Лебяжье Село;16d52a06-06ea-4558-8e54-5a8a0df34d17;1
439;Амурская область;Серышевский Район;Лермонтовский сельсовет;Бирма Село;bcb8f48d-039b-4949-a1dc-0f7155342ede;1
440;Амурская область;Серышевский Район;Лермонтовский сельсовет;Ближний Сахалин Село;3faefc5f-435c-4b67-9a8e-5646e56d0710;1
441;Амурская область;Серышевский Район;Лермонтовский сельсовет;Лермонтово Село;ccccec8f-6d90-45ce-b18f-e9b09b7db017;1
442;Амурская область;Серышевский Район;Лермонтовский сельсовет;Павловка Село;8bb0c1c1-be55-4b80-84ad-72e1c8b04705;1
443;Амурская область;Серышевский Район;Лиманновский сельсовет;Лиманное Село;0d23a261-cc31-4962-8e12-d9372d08a640;1
444;Амурская область;Серышевский Район;Лиманновский сельсовет;Пушкино Село;14e90c50-bee3-4253-990d-ab075e6c8668;1
445;Амурская область;Серышевский Район;Новосергеевский сельсовет;Паруновка Село;c1ef9f59-ad2b-47f2-a892-6295030c389b;1
446;Амурская область;Серышевский Район;Новосергеевский сельсовет;Рождественка Село;971db088-63fe-410b-86de-2ba543242ade;1
447;Амурская область;Серышевский Район;Озерненский сельсовет;Белоногово Село;e6c441ec-4239-44ce-9a85-95c9653aef42;1
448;Амурская область;Серышевский Район;Озерненский сельсовет;Добрянка Село;b0263f15-015a-4554-95c2-b8f77293551d;1
449;Амурская область;Серышевский Район;Озерненский сельсовет;Озерное Село;3eae460a-82b2-44f9-ba12-838b63b5f3eb;1
450;Амурская область;Серышевский Район;Полянский сельсовет;Поляна Село;e492489f-55a6-4001-a086-b0055eed9970;1
451;Амурская область;Серышевский Район;Полянский сельсовет;Ударное Село;41fb85f8-e140-44ab-9796-62c2cede437e;1
452;Амурская область;Серышевский Район;Сосновский сельсовет;Автономовка Село;889f6b9f-827e-46fc-86a9-ad7473fad2f9;1
453;Амурская область;Серышевский Район;Сосновский сельсовет;Верхне-Боровая Село;47a05f25-8a93-437b-a813-6f4dbef0d709;1
454;Амурская область;Серышевский Район;Сосновский сельсовет;Державинка Село;eafb8144-66b8-405f-9d08-aa8336d6015f;1
455;Амурская область;Серышевский Район;Сосновский сельсовет;Сосновка Село;27f2745f-a24e-45ef-a22b-813be9fd6255;1
456;Амурская область;Серышевский Район;Томский сельсовет;Белогорка Село;c3cbd4c3-3c94-44de-b527-86e6f4051d31;1
457;Амурская область;Серышевский Район;Томский сельсовет;Бочкаревка Село;1cf0c716-4ed4-4446-a31f-e5b87ac0eb28;1
458;Амурская область;Серышевский Район;Томский сельсовет;Красная Поляна Село;917fdfd2-ced7-45d4-9640-465a7a1a2d2b;1
459;Амурская область;Серышевский Район;Томский сельсовет;Тавричанка Село;2c36abdf-9776-4016-a021-de281e6e6b2d;1
460;Амурская область;Серышевский Район;Томский сельсовет;Томское Село;e2e612b3-f9cc-43b9-982d-9b36680ef11e;1
461;Амурская область;Серышевский Район;Томский сельсовет;Украина Железнодорожная станция;c1daa2c0-1259-4897-a31a-2bdc0c9bef36;1
462;Амурская область;Серышевский Район;Томский сельсовет;Хитровка Село;99bdd690-2e9c-4577-84da-b7a7c7b7a56e;1
463;Амурская область;Серышевский Район;Украинский сельсовет;Новоохочье Село;8f6338ad-6c46-4e1d-95cb-b5f31c4916eb;1
464;Амурская область;Серышевский Район;Фроловский сельсовет;Борисполь Село;78832f5e-9d4f-4d83-9e34-913056dc9c47;1
465;Амурская область;Серышевский Район;Фроловский сельсовет;Фроловка Село;4f648156-4773-42ca-9353-7b2fc36a273f;1
466;Амурская область;Серышевский Район;Широкологский сельсовет;Воскресеновка Село;b9e8d83e-6010-46c9-975d-66b67ac777af;1
467;Амурская область;Серышевский Район;Широкологский сельсовет;Соколовка Село;e0de6fe1-67c4-4513-894c-dacc0d5a1a6c;1
468;Амурская область;Серышевский Район;Широкологский сельсовет;Широкий Лог Село;bc413d3a-ec2e-4e0f-946a-32bb4edf9f19;1
469;Амурская область;Сковородинский Район;Албазинский сельсовет;Албазино Село;2de0a338-aaac-44ae-a33c-868f356d59bc;1
470;Амурская область;Сковородинский Район;город Сковородино;Сковородино Город;260c545f-883c-440a-852c-c39a65fe4104;1
471;Амурская область;Сковородинский Район;город Сковородино;Сковородино Город;ad37b2ff-64d0-475d-b780-077f2b890a87;1
472;Амурская область;Сковородинский Район;Джалиндинский сельсовет;Джалинда Село;4abe7749-12d9-4eb5-b3ce-52144d1002bd;1
473;Амурская область;Сковородинский Район;Неверский сельсовет;Невер Село;5ca66965-5514-4a14-9a25-a2cbbaed2462;1
474;Амурская область;Сковородинский Район;рабочий поселок (поселок городского типа) Ерофей Павлович;Ерофей Павлович Поселок городского типа;2ec4ce03-90d0-4f9c-85cd-ebace46e3a45;1
475;Амурская область;Сковородинский Район;рабочий поселок (поселок городского типа) Ерофей Павлович;Игнашино Село;8b601152-0803-402e-ac47-6ac6f865cfe2;1
476;Амурская область;Сковородинский Район;рабочий поселок (поселок городского типа) Уруша;Уруша Поселок городского типа;e53f12b1-5c26-422b-92d4-41caa3977f4b;1
477;Амурская область;Сковородинский Район;Солнечный сельсовет;Бам Железнодорожная станция;9b6d0926-0101-43b2-9711-fd651e052465;1
478;Амурская область;Сковородинский Район;Талданский сельсовет;Талдан Село;f2e4769e-55e2-4d1c-aba5-d6898ce65eab;1
479;Амурская область;Сковородинский Район;Тахтамыгдинский сельсовет;Тахтамыгда Село;ad93e195-86ff-401c-8770-82d19d9636ba;1
480;Амурская область;Тамбовский Район;;Привольное Село;62852113-f874-4d9c-b2b9-aa0047324897;1
481;Амурская область;Тамбовский Район;;Придорожное Село;ca03082f-58c2-496a-a26d-f910928b2ed9;1
482;Амурская область;Тамбовский Район;Жариковский сельсовет;Жариково Село;1f5feb17-726e-4c39-8e64-cdc931c9d8b0;1
483;Амурская область;Тамбовский Район;Жариковский сельсовет;Свободка Село;6cadaa17-1560-45b4-a775-fd27b0843db5;1
484;Амурская область;Тамбовский Район;Козьмодемьяновский;Козьмодемьяновка Село;d8a39f24-3960-4369-8d20-3005c1f7cc8c;1
485;Амурская область;Тамбовский Район;Козьмодемьяновский;Липовка Село;2e5f7b75-24c3-45f7-a992-902e19d0b454;1
486;Амурская область;Тамбовский Район;Козьмодемьяновский;Чуевка Село;5a2f693f-70d0-434e-9c46-64a9f72fe7cc;1
487;Амурская область;Тамбовский Район;Красненский сельсовет;Корфово Село;8d8309e4-255e-4d79-894a-9c854b2379a8;1
488;Амурская область;Тамбовский Район;Красненский сельсовет;Красное Село;eb56ce1d-bcd2-49d5-9c86-2939a12be48d;1
489;Амурская область;Тамбовский Район;Куропатинский сельсовет;Духовское Село;a1077604-a63c-4c0d-a75f-3bde378bfdc0;1
490;Амурская область;Тамбовский Район;Куропатинский сельсовет;Куропатино Село;02b3f086-3c14-4089-aa3a-93a4946bf54a;1
491;Амурская область;Тамбовский Район;Лазаревский сельсовет;Лазаревка Село;8a36e430-80f8-458d-bc14-6a4782556270;1
492;Амурская область;Тамбовский Район;Лермонтовский сельсовет;Лермонтовка Село;a8f31fdf-8f2d-4010-b2bf-bfeac0be1636;1
493;Амурская область;Тамбовский Район;Муравьевский сельсовет;Муравьевка Село;31668967-c434-4f1b-8c22-504ace4d2c50;1
494;Амурская область;Тамбовский Район;Муравьевский сельсовет;Резуновка Село;04192470-e7d6-474c-8ab9-2eee4eece16c;1
495;Амурская область;Тамбовский Район;Николаевский сельсовет;Николаевка Село;9af37d71-5536-44c1-a901-17fcc696c0a9;1
496;Амурская область;Тамбовский Район;Новоалександровский сельсовет;Лиманное Село;661ea511-2112-417f-8f76-2b62ca42ebed;1
497;Амурская область;Тамбовский Район;Новоалександровский сельсовет;Новоалександровка Село;f3b6980a-33fa-42d8-a0c3-bee260d928da;1
498;Амурская область;Тамбовский Район;Раздольненский сельсовет;Гильчин Село;eff6edfd-37a6-432d-a85d-36e00cc069be;1
499;Амурская область;Тамбовский Район;Раздольненский сельсовет;Раздольное Село;22d91858-4983-4773-852b-119fafff717e;1
500;Амурская область;Тамбовский Район;Раздольненский сельсовет;Рощино Село;8353a36b-67df-4cb4-be7d-6c367dbda8f7;1
501;Амурская область;Тамбовский Район;Садовский сельсовет;Лозовое Село;a9f9dc03-ecf2-4889-9921-6edaed1a522e;1
502;Амурская область;Тамбовский Район;Садовский сельсовет;Орлецкое Село;3ccf1f85-20fa-4f27-b216-262bd7754a09;1
503;Амурская область;Тамбовский Район;Садовский сельсовет;Садовое Село;de365f19-98bf-4801-83c2-1695b5b35df1;1
504;Амурская область;Тамбовский Район;Тамбовский сельсовет;Косицино Село;586fabd8-3bed-41da-9064-edff4fe65c00;1
505;Амурская область;Тамбовский Район;Тамбовский сельсовет;Тамбовка Село;6befa42b-0a08-4b18-9058-dc47f261e421;1
506;Амурская область;Тамбовский Район;Толстовский сельсовет;Толстовка Село;cdbc9af5-9413-4a5d-b923-61945b6201df;1
507;Амурская область;Тында Город;город Тында;город Тында;007e010f-e110-4a55-90a7-c4acac623c9b;2
508;Амурская область;Тындинский Район;Восточный сельсовет;Восточный Поселок;7d1520c7-386a-494a-a9c6-958ec383d51e;1
509;Амурская область;Тындинский Район;Соловьевский сельсовет;Янкан Село;2ad7da86-b492-4323-8cb1-1ce4d513e9e2;1
510;Амурская область;Тындинский Район;Урканский сельсовет;Бугорки Село;b56b384c-52db-4a8b-a421-4760b2dd96db;1
511;Амурская область;Тындинский Район;Урканский сельсовет;Уркан Село;34f9d29e-0b36-445d-b54f-4b476e3404df;1
512;Амурская область;Тындинский Район;Усть-Нюкжинский сельсовет;Усть-Нюкжа Село;cf91b332-c7d0-4b2e-b775-e83c9982d21f;1
513;Амурская область;Углегорск Поселок;ЗАТО поселок Углегорск;ЗАТО поселок Углегорск;f9ce3255-3f79-4457-919c-d180fa813b6a;1
514;Амурская область;Шимановск Город;город Шимановск;город Шимановск;809f0591-bb18-40a2-9fac-7d3d0a22c0bf;1
515;Амурская область;Шимановский Район;;Актай Село;0e37e6f0-c7ae-4825-ae3b-bc87ce1f228e;1
516;Амурская область;Шимановский Район;;Базисное Село;17924379-f6f4-4c8d-8a41-0385e948a51b;1
517;Амурская область;Шимановский Район;;Джатва Станция;ae73fea8-40e8-407c-ba67-07506d116f9b;1
518;Амурская область;Шимановский Район;;Раздольное Село;06122e34-c7f4-4007-b2e3-028dc78c97e2;1
519;Амурская область;Шимановский Район;;Свободный Труд Село;3dea6b52-5e33-4d45-a5b3-d6fc3b2313d0;1
520;Амурская область;Шимановский Район;Береинский сельсовет;Берея Станция;1cfb0339-02d7-4169-b3ea-f03b86c4cfa0;1
521;Амурская область;Шимановский Район;Малиновский сельсовет;Малиновка Село;eed58b0d-25d8-43b2-9838-957833b8cf38;1
522;Амурская область;Шимановский Район;Мухинский сельсовет;Ключевое Село;a28aa8c9-e116-4a76-9188-5547088e67d4;1
523;Амурская область;Шимановский Район;Мухинский сельсовет;Мухино Село;3ff52b00-76dc-4b8a-8b58-73dca2b138a3;1
524;Амурская область;Шимановский Район;Мухинский сельсовет;Переселенческий Станция;ea486546-d865-4009-a934-3a97d1cd4349;1
525;Амурская область;Шимановский Район;Нововоскресеновский сельсовет;Аносово Село;31f8c926-efa5-4afd-a521-95dc7d0cb7cd;1
526;Амурская область;Шимановский Район;Нововоскресеновский сельсовет;Нововоскресеновка Село;5e682697-1c85-4fdf-a0c3-375a32a5e17c;1
527;Амурская область;Шимановский Район;Новогеоргиевский сельсовет;Новогеоргиевка Село;65f18061-383f-41e7-a682-47d968142a4e;1
528;Амурская область;Шимановский Район;Петрушинский сельсовет;Петруши Село;61be796d-589c-4978-978a-b819cf608eba;1
529;Амурская область;Шимановский Район;Петрушинский сельсовет;Петруши Станция;a26a2c43-1990-4bc5-83fb-12d4b64348db;1
530;Амурская область;Шимановский Район;Петрушинский сельсовет;Случайное Село;35aff414-85f7-452a-af3f-19927bab1910;1
531;Амурская область;Шимановский Район;Саскалинский сельсовет;Саскаль Село;639cc462-eeda-41cb-827e-9aea3ea7a842;1
532;Амурская область;Шимановский Район;Селетканский сельсовет;Светильное Село;40a083b1-0c9b-469b-a430-e7624f5e50bf;1
533;Амурская область;Шимановский Район;Селетканский сельсовет;Селеткан Село;90f61757-e789-4213-9cb3-e529cc3be877;1
534;Амурская область;Шимановский Район;Симоновский сельсовет;Симоново Село;8b4eb712-5a16-4fb3-b566-6673dcfbd094;1
535;Амурская область;Шимановский Район;Ураловский сельсовет;Кухтерин Луг Село;71c56357-f056-4d16-85c1-12aae98d1302;1
536;Амурская область;Шимановский Район;Ураловский сельсовет;Ураловка Село;4dbcc1ed-aa57-4c20-b1ef-8da0a5762f96;1
537;Амурская область;Шимановский Район;Ушаковский сельсовет;Ушаково Село;03cfc3da-4bbf-484c-9f25-db5d71bf0907;1
538;Амурская область;Шимановский Район;Чагоянский сельсовет;Чагоян Село;aacb8f84-29f1-4075-9485-913d2cf188aa;1
539;Амурская область;;;п.Джелтулак;;1
